lexid,first_name,last_name,email,gender,address
8888090530,Oliver,Sexstone,osexstone0@wufoo.com,Non-binary,Apt 1125
8888090531,Guglielmo,Carbine,gcarbine1@amazon.co.uk,Male,Room 1294
8888090532,Arman,Jesteco,ajesteco2@who.int,Male,PO Box 6462
8888090533,Eileen,Phillins,ephillins3@plala.or.jp,Genderfluid,Room 862
8888090534,Birgit,Long,blong4@t-online.de,Female,Apt 1949
8888090535,Liana,Charlson,lcharlson5@intel.com,Female,PO Box 64439
8888090536,Monroe,Yakunin,myakunin6@trellian.com,Male,Room 27
8888090537,Lisha,Dell 'Orto,ldellorto7@intel.com,Genderqueer,Room 846
8888090538,Quintus,Roots,qroots8@bloglines.com,Male,PO Box 18593
8888090539,Gwyn,Keech,gkeech9@oaic.gov.au,Agender,Apt 953
8888090540,Dell,Whitwood,dwhitwooda@spotify.com,Female,Room 1157
8888090541,Terry,D'Aubney,tdaubneyb@sfgate.com,Male,PO Box 92367
8888090542,Kristo,Wimlett,kwimlettc@exblog.jp,Male,Apt 912
8888090543,Kerk,Duligall,kduligalld@nifty.com,Agender,PO Box 98930
8888090544,Anneliese,Gaytor,agaytore@elegantthemes.com,Female,Suite 14
8888090545,Andrew,Swatman,aswatmanf@mozilla.com,Male,Suite 61
8888090546,Brittany,Bulloch,bbullochg@unc.edu,Female,Room 858
8888090547,Rupert,Breydin,rbreydinh@foxnews.com,Male,Suite 65
8888090548,Gerianna,Dobbs,gdobbsi@loc.gov,Female,Suite 6
8888090549,Pepillo,Perchard,pperchardj@yahoo.com,Male,PO Box 34647
8888090550,Gabby,Gatesman,ggatesmank@europa.eu,Male,Room 1090
8888090551,Kermit,Wildbore,kwildborel@jalbum.net,Male,Apt 1577
8888090552,Maybelle,Noulton,mnoultonm@freewebs.com,Female,PO Box 26942
8888090553,Terrell,Adnam,tadnamn@mayoclinic.com,Male,Apt 127
8888090554,Cecile,Seiffert,cseifferto@craigslist.org,Female,Apt 329
8888090555,Bride,Casini,bcasinip@unblog.fr,Bigender,Suite 74
8888090556,Graeme,Ruprechter,gruprechterq@friendfeed.com,Male,Apt 241
8888090557,Kathrine,Dever,kdeverr@yahoo.co.jp,Female,PO Box 89644
8888090558,Bax,Horley,bhorleys@artisteer.com,Male,Suite 24
8888090559,Loree,Winder,lwindert@mozilla.com,Female,Apt 669
8888090560,Tracy,Oxenbury,toxenburyu@wikispaces.com,Male,PO Box 19548
8888090561,Court,Wickes,cwickesv@wordpress.com,Male,Suite 97
8888090562,Shell,Puttrell,sputtrellw@tamu.edu,Male,Room 438
8888090563,Melvin,Crosher,mcrosherx@redcross.org,Polygender,Room 1989
8888090564,Issy,Bartosik,ibartosiky@feedburner.com,Female,PO Box 66351
8888090565,West,Greensted,wgreenstedz@blogtalkradio.com,Male,Room 658
8888090566,Oralla,Matschoss,omatschoss10@state.tx.us,Female,18th Floor
8888090567,Dirk,Alloisi,dalloisi11@cdbaby.com,Male,Apt 1608
8888090568,Elnar,Rime,erime12@reverbnation.com,Male,Suite 54
8888090569,Malchy,Bellwood,mbellwood13@cornell.edu,Male,Suite 48
8888090570,Anastasie,Denty,adenty14@alibaba.com,Female,Apt 894
8888090571,Ashia,Barwick,abarwick15@plala.or.jp,Female,Suite 88
8888090572,Ethelin,Swaden,eswaden16@altervista.org,Female,PO Box 69525
8888090573,Editha,Wandrack,ewandrack17@simplemachines.org,Female,11th Floor
8888090574,Gannie,Armitage,garmitage18@huffingtonpost.com,Male,Room 1668
8888090575,Nobie,Copyn,ncopyn19@who.int,Male,PO Box 5809
8888090576,Cahra,Sasser,csasser1a@example.com,Female,Room 1217
8888090577,Nomi,Macak,nmacak1b@geocities.jp,Female,16th Floor
8888090578,Scotti,McCurry,smccurry1c@cisco.com,Male,Room 529
8888090579,Roseanna,Shawcroft,rshawcroft1d@addthis.com,Female,Apt 1328
8888090580,Gothart,Dobey,gdobey1e@go.com,Male,Room 487
8888090581,Rance,Van Ross,rvanross1f@delicious.com,Male,Suite 86
8888090582,Tonia,Domingues,tdomingues1g@is.gd,Female,Apt 1974
8888090583,Hamilton,Keyzor,hkeyzor1h@ning.com,Male,Room 1340
8888090584,Abbot,Thieme,athieme1i@gmpg.org,Male,Suite 53
8888090585,Solly,Gimbart,sgimbart1j@wikimedia.org,Male,Apt 1717
8888090586,Madlin,Dodshon,mdodshon1k@ebay.com,Female,Apt 1251
8888090587,Teena,Grooby,tgrooby1l@mozilla.org,Female,Room 1307
8888090588,Llywellyn,Ashbrook,lashbrook1m@cloudflare.com,Non-binary,PO Box 98067
8888090589,Dottie,Lefort,dlefort1n@seattletimes.com,Female,Suite 66
8888090590,Jarrod,Clatworthy,jclatworthy1o@stumbleupon.com,Male,PO Box 88933
8888090591,Panchito,Goslin,pgoslin1p@xinhuanet.com,Male,Suite 65
8888090592,Carey,Dorin,cdorin1q@pinterest.com,Female,Suite 47
8888090593,Stearn,Fawdry,sfawdry1r@foxnews.com,Male,Apt 738
8888090594,Rosie,Loutheane,rloutheane1s@nymag.com,Female,Apt 779
8888090595,Cornela,Birckmann,cbirckmann1t@weebly.com,Female,8th Floor
8888090596,Jacintha,Parffrey,jparffrey1u@myspace.com,Female,PO Box 3492
8888090597,Erek,Hebblethwaite,ehebblethwaite1v@mashable.com,Male,Room 656
8888090598,Brent,Fradson,bfradson1w@usgs.gov,Male,Apt 391
8888090599,Dewie,Boardman,dboardman1x@deliciousdays.com,Male,Suite 89
8888090600,Dannie,Merriman,dmerriman1y@usda.gov,Male,PO Box 71501
8888090601,Pat,Lancley,plancley1z@yolasite.com,Male,PO Box 20598
8888090602,Frans,Lewsam,flewsam20@nyu.edu,Male,Room 1950
8888090603,Manon,Sumner,msumner21@dmoz.org,Female,Room 1473
8888090604,Linet,Pettipher,lpettipher22@chronoengine.com,Female,Apt 270
8888090605,Jerrie,Smaridge,jsmaridge23@mysql.com,Male,4th Floor
8888090606,Dalia,Gallaher,dgallaher24@kickstarter.com,Female,Apt 155
8888090607,Mindy,Sawers,msawers25@lycos.com,Female,15th Floor
8888090608,Ekaterina,Forward,eforward26@cnn.com,Female,Apt 50
8888090609,Jasmin,Janse,jjanse27@nps.gov,Female,Suite 4
8888090610,Murray,Bozward,mbozward28@google.com.br,Polygender,Room 1040
8888090611,Nev,Benck,nbenck29@ocn.ne.jp,Male,15th Floor
8888090612,Constantine,Brayne,cbrayne2a@barnesandnoble.com,Female,10th Floor
8888090613,Donnie,Leynham,dleynham2b@ft.com,Female,PO Box 69235
8888090614,Dal,Voden,dvoden2c@bloglines.com,Polygender,11th Floor
8888090615,Zebulon,Mizzen,zmizzen2d@chicagotribune.com,Male,Apt 425
8888090616,Rustin,Vampouille,rvampouille2e@toplist.cz,Agender,6th Floor
8888090617,Delmor,Coventry,dcoventry2f@bandcamp.com,Male,13th Floor
8888090618,Nichol,Tice,ntice2g@reference.com,Female,Suite 93
8888090619,Nikki,Adlam,nadlam2h@illinois.edu,Female,Apt 1681
8888090620,Karyn,Redmain,kredmain2i@trellian.com,Female,18th Floor
8888090621,Biddy,Carman,bcarman2j@yelp.com,Female,Suite 37
8888090622,Niki,Sweed,nsweed2k@ucoz.ru,Female,PO Box 87065
8888090623,Roderigo,Skillitt,rskillitt2l@over-blog.com,Male,Suite 59
8888090624,Merrilee,Ryley,mryley2m@spotify.com,Female,Room 1613
8888090625,Lester,MacCafferky,lmaccafferky2n@nymag.com,Male,Room 733
8888090626,Freemon,Sirkett,fsirkett2o@people.com.cn,Male,15th Floor
8888090627,Rollie,McNiff,rmcniff2p@answers.com,Male,17th Floor
8888090628,Danika,Gillfillan,dgillfillan2q@princeton.edu,Female,Apt 631
8888090629,Suzanne,Rennick,srennick2r@acquirethisname.com,Female,Apt 926
8888090630,Rosa,Sailor,rsailor2s@usnews.com,Female,Suite 65
8888090631,Tabb,Hourston,thourston2t@digg.com,Male,Suite 58
8888090632,Jone,Misken,jmisken2u@hexun.com,Male,PO Box 18812
8888090633,Randy,Crumly,rcrumly2v@arstechnica.com,Bigender,Apt 621
8888090634,Yolanda,Capon,ycapon2w@istockphoto.com,Female,Apt 1379
8888090635,Maighdiln,Limeburner,mlimeburner2x@bbc.co.uk,Female,Room 769
8888090636,Lanny,Wadesworth,lwadesworth2y@elegantthemes.com,Male,20th Floor
8888090637,Ramsay,Gallifont,rgallifont2z@walmart.com,Male,Suite 70
8888090638,Holt,Camber,hcamber30@google.com.hk,Genderfluid,Room 548
8888090639,Husein,Gregory,hgregory31@mail.ru,Male,Room 1385
8888090640,Elsinore,Kinnard,ekinnard32@hostgator.com,Female,Room 956
8888090641,Kizzie,Constantine,kconstantine33@mail.ru,Female,Apt 283
8888090642,Nickolas,Jachimiak,njachimiak34@walmart.com,Male,13th Floor
8888090643,Adolphus,Kharchinski,akharchinski35@independent.co.uk,Male,Room 802
8888090644,Fredek,Stairmond,fstairmond36@ft.com,Male,Suite 57
8888090645,Lishe,Halston,lhalston37@census.gov,Female,PO Box 17023
8888090646,Genia,Gepp,ggepp38@comcast.net,Female,Room 377
8888090647,Ad,Dikes,adikes39@upenn.edu,Male,9th Floor
8888090648,Waylin,Fesby,wfesby3a@hatena.ne.jp,Male,Suite 25
8888090649,Jeromy,McCauley,jmccauley3b@histats.com,Male,Room 1312
8888090650,Thorvald,Antao,tantao3c@springer.com,Male,Room 456
8888090651,Moises,Swatradge,mswatradge3d@xinhuanet.com,Male,Apt 1649
8888090652,Dannye,Nuttall,dnuttall3e@so-net.ne.jp,Female,Room 294
8888090653,Shermie,Drivers,sdrivers3f@businesswire.com,Polygender,Apt 906
8888090654,Delphine,Guildford,dguildford3g@gnu.org,Female,7th Floor
8888090655,Charlotte,Philippon,cphilippon3h@sitemeter.com,Female,PO Box 44274
8888090656,Bambi,McGriele,bmcgriele3i@behance.net,Female,16th Floor
8888090657,Maryann,Howler,mhowler3j@biblegateway.com,Female,PO Box 75033
8888090658,Beatriz,Ballinger,bballinger3k@gov.uk,Female,PO Box 84761
8888090659,Dean,Whordley,dwhordley3l@vimeo.com,Male,PO Box 33953
8888090660,Griswold,Sullivan,gsullivan3m@walmart.com,Male,Apt 628
8888090661,Bailey,Betz,bbetz3n@dagondesign.com,Male,Room 1833
8888090662,Isak,Cosgrove,icosgrove3o@networkadvertising.org,Male,2nd Floor
8888090663,Brandy,Pyott,bpyott3p@livejournal.com,Male,PO Box 29499
8888090664,Moyna,Pratley,mpratley3q@zimbio.com,Female,PO Box 69120
8888090665,Nessy,Lamberto,nlamberto3r@gmpg.org,Female,Apt 417
8888090666,Harmony,Creagh,hcreagh3s@paginegialle.it,Female,PO Box 66475
8888090667,Shep,Biddy,sbiddy3t@army.mil,Male,PO Box 95385
8888090668,Amargo,Bauduccio,abauduccio3u@rambler.ru,Female,Room 1560
8888090669,Pincus,Mulheron,pmulheron3v@topsy.com,Male,Suite 73
8888090670,Ashlan,Wattins,awattins3w@google.cn,Female,Room 859
8888090671,Gwenni,Emilien,gemilien3x@chron.com,Female,Apt 21
8888090672,Corinna,O'Lenechan,colenechan3y@businessweek.com,Female,PO Box 47500
8888090673,Archie,St. Queintain,astqueintain3z@indiegogo.com,Male,Apt 1614
8888090674,Ester,Huyghe,ehuyghe40@zimbio.com,Female,Room 656
8888090675,Tallie,Merveille,tmerveille41@vk.com,Female,Suite 54
8888090676,Adelaide,Driussi,adriussi42@godaddy.com,Female,Apt 1953
8888090677,Ashly,Laverenz,alaverenz43@soundcloud.com,Female,Room 1120
8888090678,Antonia,Rodd,arodd44@mit.edu,Female,Suite 21
8888090679,Herold,Docherty,hdocherty45@techcrunch.com,Male,Room 1094
8888090680,Cordey,Mordan,cmordan46@washingtonpost.com,Female,13th Floor
8888090681,Vanya,Meadows,vmeadows47@mail.ru,Agender,Room 170
8888090682,Brinna,MacAfee,bmacafee48@indiatimes.com,Female,PO Box 32565
8888090683,Malorie,Widdowson,mwiddowson49@amazon.de,Female,Room 495
8888090684,Nels,Hollibone,nhollibone4a@parallels.com,Male,PO Box 37704
8888090685,Stanislas,Gabe,sgabe4b@photobucket.com,Male,15th Floor
8888090686,Eloisa,Benard,ebenard4c@businesswire.com,Female,Room 229
8888090687,Kimbra,Hemshall,khemshall4d@harvard.edu,Female,Apt 1425
8888090688,Norry,Derr,nderr4e@forbes.com,Male,Apt 1783
8888090689,Quintin,Edmed,qedmed4f@narod.ru,Male,Apt 1653
8888090690,Peterus,Born,pborn4g@lycos.com,Male,PO Box 91668
8888090691,Tani,Greatbatch,tgreatbatch4h@hubpages.com,Polygender,Apt 1948
8888090692,Aurelie,Garwell,agarwell4i@usnews.com,Female,Apt 274
8888090693,Des,Drew,ddrew4j@chicagotribune.com,Male,Apt 1080
8888090694,Zacharie,O'Lochan,zolochan4k@live.com,Male,PO Box 49065
8888090695,Tannie,Devenport,tdevenport4l@photobucket.com,Male,PO Box 74157
8888090696,Ivette,Lillicrap,ilillicrap4m@imgur.com,Female,PO Box 13156
8888090697,Darnell,Kielty,dkielty4n@blogtalkradio.com,Male,20th Floor
8888090698,Martina,Ivison,mivison4o@uiuc.edu,Female,Apt 1857
8888090699,Batholomew,Callaby,bcallaby4p@imgur.com,Male,Room 457
8888090700,Fremont,Finlater,ffinlater4q@about.me,Male,Suite 9
8888090701,Nickolas,MacGilpatrick,nmacgilpatrick4r@aboutads.info,Male,PO Box 29164
8888090702,Marsiella,Devlin,mdevlin4s@drupal.org,Female,Apt 756
8888090703,Ev,Ambroise,eambroise4t@technorati.com,Male,Suite 13
8888090704,Glyn,Chessell,gchessell4u@edublogs.org,Male,PO Box 83552
8888090705,Lowell,Baline,lbaline4v@google.com.au,Male,PO Box 21865
8888090706,Dinny,Ellams,dellams4w@cdbaby.com,Female,2nd Floor
8888090707,Ches,Tonry,ctonry4x@rambler.ru,Male,7th Floor
8888090708,Bailie,Cuckoo,bcuckoo4y@weibo.com,Male,Apt 765
8888090709,Jocko,McAdam,jmcadam4z@printfriendly.com,Male,Apt 47
8888090710,Aloise,Digle,adigle50@reuters.com,Female,Apt 622
8888090711,Bryan,Edinboro,bedinboro51@so-net.ne.jp,Male,Apt 369
8888090712,Lesley,Yerrill,lyerrill52@chron.com,Male,Suite 72
8888090713,Jennifer,Pena,jpena53@multiply.com,Female,Room 691
8888090714,Jessie,Leyninye,jleyninye54@jigsy.com,Male,PO Box 58020
8888090715,Shirlene,Keemer,skeemer55@dot.gov,Female,PO Box 45755
8888090716,Morten,Palfreman,mpalfreman56@ftc.gov,Male,PO Box 99117
8888090717,Foster,Dobeson,fdobeson57@spotify.com,Polygender,Apt 737
8888090718,Salomone,Betty,sbetty58@icq.com,Male,PO Box 89894
8888090719,Edd,Bernardt,ebernardt59@xrea.com,Male,Apt 1539
8888090720,Deonne,Livesay,dlivesay5a@netscape.com,Female,Suite 70
8888090721,Vladimir,McCarlie,vmccarlie5b@google.com.au,Male,Room 1193
8888090722,Stevena,McDuffy,smcduffy5c@newyorker.com,Female,PO Box 26157
8888090723,Wayland,Duinbleton,wduinbleton5d@quantcast.com,Male,Apt 1121
8888090724,Abigale,Cafferky,acafferky5e@forbes.com,Female,Apt 32
8888090725,Sonnie,Tavernor,stavernor5f@pinterest.com,Male,Suite 25
8888090726,Liuka,Glencrash,lglencrash5g@ftc.gov,Genderqueer,9th Floor
8888090727,Jean,Hutable,jhutable5h@dyndns.org,Male,Room 1201
8888090728,Hallsy,Cronshaw,hcronshaw5i@sitemeter.com,Male,PO Box 71139
8888090729,Anstice,Mewton,amewton5j@constantcontact.com,Female,Room 159
8888090730,Silva,Carvil,scarvil5k@prlog.org,Female,Apt 1946
8888090731,Alec,Peete,apeete5l@state.tx.us,Male,Apt 1423
8888090732,Jilli,Ratley,jratley5m@eventbrite.com,Female,Room 989
8888090733,Cornie,Chanson,cchanson5n@cam.ac.uk,Female,Room 1694
8888090734,Bengt,Camellini,bcamellini5o@de.vu,Male,Suite 63
8888090735,Waverley,Gilders,wgilders5p@omniture.com,Male,Apt 803
8888090736,Gerty,Meugens,gmeugens5q@hubpages.com,Female,Apt 329
8888090737,Jordanna,Nelsey,jnelsey5r@exblog.jp,Female,20th Floor
8888090738,Stefano,Vallow,svallow5s@domainmarket.com,Male,Room 983
8888090739,Tedda,Dadge,tdadge5t@blogs.com,Female,Room 439
8888090740,Forrester,Trembley,ftrembley5u@jimdo.com,Male,Room 1488
8888090741,Holly,Renals,hrenals5v@twitter.com,Male,Room 500
8888090742,Elyse,Cromer,ecromer5w@mlb.com,Female,20th Floor
8888090743,Mervin,Milthorpe,mmilthorpe5x@who.int,Male,Suite 47
8888090744,Gypsy,Misselbrook,gmisselbrook5y@zimbio.com,Female,Suite 44
8888090745,Levin,MacGruer,lmacgruer5z@cisco.com,Male,PO Box 2548
8888090746,Allix,Philbrick,aphilbrick60@chron.com,Female,Room 710
8888090747,Maxie,Healks,mhealks61@jimdo.com,Polygender,Room 1893
8888090748,Alex,Ricco,aricco62@businesswire.com,Female,Suite 8
8888090749,Cordey,Chellam,cchellam63@feedburner.com,Female,Room 1697
8888090750,Flory,Smyley,fsmyley64@ycombinator.com,Male,3rd Floor
8888090751,Angelico,Bromell,abromell65@usgs.gov,Male,Room 1272
8888090752,Gelya,Tolefree,gtolefree66@blogger.com,Female,Suite 2
8888090753,Chico,Healks,chealks67@cocolog-nifty.com,Male,5th Floor
8888090754,Milo,Schelle,mschelle68@vistaprint.com,Male,3rd Floor
8888090755,Ernestus,Ringwood,eringwood69@youtube.com,Male,PO Box 37053
8888090756,Basile,Abrahamoff,babrahamoff6a@unicef.org,Male,Room 659
8888090757,Finn,Hoodlass,fhoodlass6b@theglobeandmail.com,Male,Apt 612
8888090758,Flory,Cosely,fcosely6c@amazon.co.jp,Female,PO Box 10927
8888090759,Powell,Sayre,psayre6d@blogtalkradio.com,Male,Room 1387
8888090760,Frannie,Rey,frey6e@prlog.org,Female,20th Floor
8888090761,Skipper,Hempel,shempel6f@issuu.com,Bigender,PO Box 68052
8888090762,Tiebout,Gethyn,tgethyn6g@gizmodo.com,Male,Room 1266
8888090763,Nickie,Onele,nonele6h@goodreads.com,Male,Apt 239
8888090764,Malachi,Albert,malbert6i@nyu.edu,Bigender,Suite 26
8888090765,Tabbitha,Petrasek,tpetrasek6j@epa.gov,Female,PO Box 29681
8888090766,Therine,Willers,twillers6k@naver.com,Polygender,Suite 26
8888090767,Andrey,Gabbatt,agabbatt6l@huffingtonpost.com,Male,Room 1153
8888090768,Loree,Wytchard,lwytchard6m@nba.com,Female,Suite 38
8888090769,Florenza,Raxworthy,fraxworthy6n@squarespace.com,Female,Room 895
8888090770,Larine,Baalham,lbaalham6o@techcrunch.com,Female,Suite 93
8888090771,Arman,Preuvost,apreuvost6p@seattletimes.com,Male,PO Box 87863
8888090772,Conn,Gerler,cgerler6q@printfriendly.com,Male,PO Box 99333
8888090773,Jenn,Neylon,jneylon6r@epa.gov,Genderqueer,Apt 1445
8888090774,Geordie,Arr,garr6s@sourceforge.net,Male,13th Floor
8888090775,Jada,Eynaud,jeynaud6t@linkedin.com,Female,Suite 58
8888090776,Dodie,Olle,dolle6u@yellowbook.com,Female,Room 262
8888090777,Logan,Genders,lgenders6v@cpanel.net,Male,Room 1443
8888090778,Rossie,Ray,rray6w@vk.com,Male,Apt 293
8888090779,Lynnell,Rash,lrash6x@wix.com,Female,PO Box 86668
8888090780,Byram,Elflain,belflain6y@ox.ac.uk,Male,PO Box 97031
8888090781,Adriaens,Starie,astarie6z@nba.com,Female,10th Floor
8888090782,Shae,Pincott,spincott70@google.nl,Male,11th Floor
8888090783,Nara,Dunnan,ndunnan71@gov.uk,Female,Apt 1624
8888090784,Michell,Edgar,medgar72@nifty.com,Female,Apt 109
8888090785,Stanly,Elford,selford73@fastcompany.com,Male,8th Floor
8888090786,Babita,Dutt,bdutt74@china.com.cn,Female,Room 902
8888090787,Marrissa,Hadden,mhadden75@angelfire.com,Female,Suite 20
8888090788,Kippie,Kubek,kkubek76@infoseek.co.jp,Bigender,Suite 93
8888090789,Heywood,Knightly,hknightly77@trellian.com,Male,Apt 1352
8888090790,Charisse,Bohler,cbohler78@lycos.com,Female,Room 744
8888090791,Franciska,Tejada,ftejada79@tumblr.com,Female,Suite 53
8888090792,Johnny,Chedgey,jchedgey7a@microsoft.com,Male,PO Box 93099
8888090793,Zak,MacKegg,zmackegg7b@wikia.com,Male,PO Box 37359
8888090794,Bren,Gunbie,bgunbie7c@cnn.com,Male,Apt 972
8888090795,Ilario,d' Elboux,idelboux7d@loc.gov,Male,Apt 959
8888090796,Zebedee,Dabs,zdabs7e@dyndns.org,Male,Suite 82
8888090797,Emeline,Belz,ebelz7f@dailymail.co.uk,Female,15th Floor
8888090798,Mandel,Warin,mwarin7g@infoseek.co.jp,Male,Room 201
8888090799,Dorian,Walker,dwalker7h@51.la,Female,6th Floor
8888090800,Michail,Birden,mbirden7i@wordpress.org,Male,Room 296
8888090801,Claiborn,Badini,cbadini7j@wisc.edu,Male,Room 1528
8888090802,Cullan,Bockings,cbockings7k@people.com.cn,Male,12th Floor
8888090803,Moise,Bowlands,mbowlands7l@canalblog.com,Male,Suite 30
8888090804,Shay,Teather,steather7m@vimeo.com,Female,Apt 1426
8888090805,Keenan,Medler,kmedler7n@people.com.cn,Male,Room 196
8888090806,Emmett,Feeney,efeeney7o@stanford.edu,Male,Apt 1351
8888090807,Willy,Chantler,wchantler7p@trellian.com,Female,18th Floor
8888090808,Bea,Brewood,bbrewood7q@infoseek.co.jp,Female,Apt 1852
8888090809,Rowen,Lavallie,rlavallie7r@mapquest.com,Male,Suite 11
8888090810,Nedi,Rawlyns,nrawlyns7s@arizona.edu,Female,16th Floor
8888090811,Rosanna,Dinkin,rdinkin7t@hp.com,Female,PO Box 49415
8888090812,Solomon,Dumbrill,sdumbrill7u@ask.com,Male,3rd Floor
8888090813,Carline,Mauditt,cmauditt7v@aol.com,Female,PO Box 91005
8888090814,Arman,I'anson,aianson7w@nps.gov,Male,Apt 1700
8888090815,Prescott,Ellwood,pellwood7x@bizjournals.com,Male,Apt 1449
8888090816,Jessamyn,Turnock,jturnock7y@goo.ne.jp,Female,Room 1791
8888090817,Gael,Del Monte,gdelmonte7z@alibaba.com,Female,13th Floor
8888090818,Hedda,Stonary,hstonary80@hud.gov,Female,PO Box 82009
8888090819,Dotty,Goldston,dgoldston81@jigsy.com,Female,Apt 291
8888090820,Patrice,Simonin,psimonin82@fotki.com,Male,Room 815
8888090821,Reiko,Hall,rhall83@patch.com,Female,Suite 11
8888090822,Hunt,Brodhead,hbrodhead84@slideshare.net,Male,8th Floor
8888090823,Gill,Agus,gagus85@ovh.net,Male,14th Floor
8888090824,Shel,Bothen,sbothen86@wp.com,Female,Room 1237
8888090825,Ricky,Kopfer,rkopfer87@usa.gov,Agender,PO Box 79259
8888090826,Bronnie,Matyatin,bmatyatin88@ovh.net,Male,Apt 131
8888090827,Petronella,Santello,psantello89@nih.gov,Female,Apt 328
8888090828,Dinnie,Ales0,dales8a@homestead.com,Female,16th Floor
8888090829,Helli,Towns,htowns8b@histats.com,Female,Room 1379
8888090830,Merlina,Burnand,mburnand8c@pcworld.com,Female,PO Box 66910
8888090831,Sayre,Posselt,sposselt8d@joomla.org,Female,1st Floor
8888090832,Hanna,Pactat,hpactat8e@sogou.com,Female,Suite 44
8888090833,Bobbi,Woodison,bwoodison8f@dion.ne.jp,Female,PO Box 63639
8888090834,Charmine,Sissland,csissland8g@cyberchimps.com,Female,Room 691
8888090835,Hyacinthe,Maccraw,hmaccraw8h@latimes.com,Female,Apt 288
8888090836,Jesse,MacDirmid,jmacdirmid8i@bbb.org,Female,PO Box 97031
8888090837,Cissiee,Tregaskis,ctregaskis8j@loc.gov,Female,Suite 63
8888090838,Florance,Cheake,fcheake8k@gov.uk,Female,Apt 1733
8888090839,Reilly,Laux,rlaux8l@princeton.edu,Genderfluid,Room 685
8888090840,Filippa,Starkings,fstarkings8m@360.cn,Female,PO Box 15482
8888090841,Joycelin,Polden,jpolden8n@google.com.au,Female,13th Floor
8888090842,Madelon,O'Cahill,mocahill8o@forbes.com,Female,13th Floor
8888090843,Roze,Akred,rakred8p@unc.edu,Female,Room 1401
8888090844,Britte,Gasson,bgasson8q@ucoz.com,Female,2nd Floor
8888090845,Jakie,Say,jsay8r@sohu.com,Male,PO Box 58636
8888090846,Merna,Gernier,mgernier8s@java.com,Female,PO Box 39175
8888090847,Nara,Trustie,ntrustie8t@webeden.co.uk,Female,Suite 60
8888090848,Peggie,Hurler,phurler8u@google.fr,Female,PO Box 13977
8888090849,Cherri,Poundsford,cpoundsford8v@vk.com,Female,Room 1383
8888090850,Dreddy,Orred,dorred8w@naver.com,Female,Room 1559
8888090851,Lucia,Corless,lcorless8x@addthis.com,Female,Apt 149
8888090852,Stu,Guerreru,sguerreru8y@sitemeter.com,Male,Suite 12
8888090853,Kevin,Digweed,kdigweed8z@cnbc.com,Male,2nd Floor
8888090854,Caesar,Simenot,csimenot90@istockphoto.com,Genderfluid,Apt 1061
8888090855,Luella,Baal,lbaal91@ehow.com,Female,Suite 57
8888090856,Bondy,Fancutt,bfancutt92@purevolume.com,Non-binary,Apt 1862
8888090857,Zacharias,Schiefersten,zschiefersten93@google.it,Male,Apt 661
8888090858,Beverlie,Storrie,bstorrie94@springer.com,Female,Suite 57
8888090859,Luise,Fromant,lfromant95@yelp.com,Female,PO Box 1930
8888090860,Jens,Andrelli,jandrelli96@auda.org.au,Male,Apt 296
8888090861,Waldemar,Fallow,wfallow97@1688.com,Male,Suite 58
8888090862,Noby,Hurrion,nhurrion98@multiply.com,Male,Suite 32
8888090863,Zsazsa,Kurten,zkurten99@seattletimes.com,Female,PO Box 63800
8888090864,Jakie,Hekkert,jhekkert9a@webmd.com,Male,Apt 1846
8888090865,Albertina,Skipper,askipper9b@geocities.jp,Female,PO Box 87036
8888090866,Constantin,Planke,cplanke9c@clickbank.net,Genderqueer,Apt 1078
8888090867,Otes,Bradley,obradley9d@netscape.com,Male,Suite 79
8888090868,Roselle,Copp,rcopp9e@posterous.com,Female,Suite 93
8888090869,Pedro,O' Sullivan,posullivan9f@delicious.com,Male,20th Floor
8888090870,Salaidh,Oselton,soselton9g@vkontakte.ru,Female,7th Floor
8888090871,Samantha,Dockrell,sdockrell9h@nsw.gov.au,Female,Suite 35
8888090872,Louisa,Crosbie,lcrosbie9i@wordpress.com,Female,Room 1785
8888090873,Travis,Stilldale,tstilldale9j@hibu.com,Male,Apt 1484
8888090874,Barton,Gammell,bgammell9k@istockphoto.com,Male,PO Box 82862
8888090875,Ibrahim,Broadist,ibroadist9l@last.fm,Genderfluid,PO Box 79806
8888090876,Ursola,Bengough,ubengough9m@alibaba.com,Female,Apt 1117
8888090877,Che,Rolse,crolse9n@bluehost.com,Male,Suite 61
8888090878,Burnard,Elster,belster9o@washington.edu,Male,18th Floor
8888090879,Emmy,Shwalbe,eshwalbe9p@arstechnica.com,Male,Room 1183
8888090880,Sheffie,Gooly,sgooly9q@thetimes.co.uk,Male,PO Box 17001
8888090881,Tobiah,Chazotte,tchazotte9r@spotify.com,Male,Suite 53
8888090882,Mortimer,Krzysztofiak,mkrzysztofiak9s@skyrock.com,Male,PO Box 29848
8888090883,Winona,Eaglestone,weaglestone9t@ustream.tv,Female,Suite 31
8888090884,Anne,Redier,aredier9u@google.pl,Female,Apt 835
8888090885,Mychal,Gierok,mgierok9v@telegraph.co.uk,Male,8th Floor
8888090886,Bertrand,Nicol,bnicol9w@stanford.edu,Male,Room 1164
8888090887,Gretchen,Divver,gdivver9x@networksolutions.com,Genderqueer,Suite 60
8888090888,Grantham,Davley,gdavley9y@fema.gov,Male,14th Floor
8888090889,Caryl,Perks,cperks9z@jiathis.com,Male,Apt 843
8888090890,Rodina,Farrimond,rfarrimonda0@google.co.uk,Female,Apt 149
8888090891,Haily,Gyford,hgyforda1@fc2.com,Female,PO Box 72606
8888090892,Bren,Houlden,bhouldena2@businesswire.com,Male,Room 1047
8888090893,Aymer,Bestiman,abestimana3@cargocollective.com,Male,PO Box 48649
8888090894,Abbot,Jakubovics,ajakubovicsa4@mlb.com,Genderqueer,Suite 92
8888090895,Lezley,Avrahamoff,lavrahamoffa5@hp.com,Male,Suite 34
8888090896,Peterus,Smeeton,psmeetona6@pcworld.com,Male,Suite 20
8888090897,Avrit,Kilner,akilnera7@aboutads.info,Female,Apt 1393
8888090898,Robert,Mowday,rmowdaya8@sfgate.com,Male,17th Floor
8888090899,Ammamaria,McWhorter,amcwhortera9@addthis.com,Agender,Suite 81
8888090900,Marcelo,Seak,mseakaa@cbslocal.com,Male,11th Floor
8888090901,Zackariah,Dermott,zdermottab@wordpress.com,Polygender,Apt 1119
8888090902,Haily,Clutheram,hclutheramac@prnewswire.com,Female,PO Box 96095
8888090903,Amalea,Redish,aredishad@squidoo.com,Female,Apt 1435
8888090904,Danyelle,Holton,dholtonae@cocolog-nifty.com,Female,Apt 290
8888090905,Jere,Tapping,jtappingaf@economist.com,Male,Apt 1359
8888090906,Milty,Medland,mmedlandag@nhs.uk,Polygender,Room 1184
8888090907,Milly,Covell,mcovellah@weebly.com,Female,12th Floor
8888090908,Ingelbert,Mayhow,imayhowai@noaa.gov,Male,Suite 61
8888090909,Ricki,Loveridge,rloveridgeaj@hatena.ne.jp,Male,Room 878
8888090910,Katie,Courage,kcourageak@ihg.com,Female,Apt 1469
8888090911,Lenora,Wayland,lwaylandal@jiathis.com,Female,Room 1493
8888090912,Avril,Westcot,awestcotam@nsw.gov.au,Female,PO Box 33945
8888090913,Rori,Stredder,rstredderan@oaic.gov.au,Female,Apt 1953
8888090914,Sarina,Plumtree,splumtreeao@drupal.org,Female,2nd Floor
8888090915,Kath,Zannolli,kzannolliap@infoseek.co.jp,Female,Suite 89
8888090916,Englebert,Salterne,esalterneaq@usa.gov,Male,Suite 44
8888090917,Kristi,Hovy,khovyar@gmpg.org,Female,PO Box 62879
8888090918,Mitzi,Hearn,mhearnas@surveymonkey.com,Female,Suite 55
8888090919,Rikki,Vanichev,rvanichevat@irs.gov,Female,Room 738
8888090920,Genvieve,Kondratenko,gkondratenkoau@omniture.com,Female,PO Box 37188
8888090921,Bronson,Rylance,brylanceav@tripod.com,Male,Apt 887
8888090922,Marice,Blues,mbluesaw@cnet.com,Female,PO Box 78255
8888090923,Lovell,Crippell,lcrippellax@shareasale.com,Male,Room 943
8888090924,Dene,Grigolashvill,dgrigolashvillay@toplist.cz,Male,10th Floor
8888090925,Meridith,Uwins,muwinsaz@vkontakte.ru,Female,Room 1771
8888090926,Faustine,Tompkins,ftompkinsb0@springer.com,Female,Apt 730
8888090927,Calla,Northey,cnortheyb1@dedecms.com,Female,Room 1230
8888090928,Nicoline,Ghilardini,nghilardinib2@howstuffworks.com,Female,PO Box 19634
8888090929,Pauli,Androlli,pandrollib3@posterous.com,Female,Room 318
8888090930,Althea,Lott,alottb4@google.ru,Female,7th Floor
8888090931,Emilio,Mityukov,emityukovb5@wsj.com,Male,5th Floor
8888090932,Everard,Rickwood,erickwoodb6@myspace.com,Male,Room 1554
8888090933,Giorgio,Wylam,gwylamb7@photobucket.com,Male,Room 500
8888090934,Bordy,Van den Oord,bvandenoordb8@tmall.com,Male,Suite 2
8888090935,Arabel,Karby,akarbyb9@netvibes.com,Female,Room 1221
8888090936,Karalee,Dawks,kdawksba@google.com.au,Genderfluid,Suite 5
8888090937,Tiebout,Carlick,tcarlickbb@redcross.org,Male,Suite 47
8888090938,Gerome,Valenti,gvalentibc@shinystat.com,Male,PO Box 13006
8888090939,Johnathon,Roebottom,jroebottombd@photobucket.com,Male,Room 986
8888090940,Fawnia,Crompton,fcromptonbe@ustream.tv,Female,PO Box 97395
8888090941,Lucho,Keemar,lkeemarbf@spotify.com,Male,Room 475
8888090942,Crysta,Adcock,cadcockbg@addtoany.com,Bigender,Apt 331
8888090943,Waverly,Rosten,wrostenbh@feedburner.com,Genderfluid,Apt 842
8888090944,Correy,Gyurko,cgyurkobi@un.org,Agender,Suite 90
8888090945,Allison,Hewson,ahewsonbj@apple.com,Female,PO Box 56014
8888090946,Anabelle,Gwilym,agwilymbk@tumblr.com,Female,Room 802
8888090947,Giorgia,Falk,gfalkbl@devhub.com,Female,18th Floor
8888090948,Neilla,Thing,nthingbm@paginegialle.it,Female,Apt 1885
8888090949,Trisha,Churm,tchurmbn@netscape.com,Female,PO Box 76020
8888090950,Meyer,Ludovici,mludovicibo@1688.com,Agender,1st Floor
8888090951,Winona,Burns,wburnsbp@hibu.com,Female,Room 674
8888090952,Will,Moralas,wmoralasbq@latimes.com,Male,Room 618
8888090953,Christabella,Costigan,ccostiganbr@nasa.gov,Female,Apt 838
8888090954,Roddie,Aveling,ravelingbs@paginegialle.it,Male,Room 1502
8888090955,Norbie,Smewing,nsmewingbt@alexa.com,Male,Room 1232
8888090956,Jacquette,Ravilus,jravilusbu@apple.com,Female,Apt 1945
8888090957,Eleonora,Greaterex,egreaterexbv@mediafire.com,Female,PO Box 47973
8888090958,Constantina,Lesly,cleslybw@drupal.org,Female,Apt 1760
8888090959,Deanne,Bow,dbowbx@scientificamerican.com,Female,PO Box 10377
8888090960,Sara-ann,Vautre,svautreby@yahoo.co.jp,Female,PO Box 71388
8888090961,Coralyn,Monteith,cmonteithbz@zimbio.com,Female,10th Floor
8888090962,Darby,Fessier,dfessierc0@wired.com,Male,Room 740
8888090963,Clarine,Proven,cprovenc1@pagesperso-orange.fr,Genderqueer,PO Box 18948
8888090964,Noami,Buesnel,nbuesnelc2@1688.com,Female,Apt 1702
8888090965,Melly,Malec,mmalecc3@g.co,Female,Apt 1732
8888090966,Imojean,Woolfoot,iwoolfootc4@indiatimes.com,Female,PO Box 40261
8888090967,Xerxes,Raikes,xraikesc5@tuttocitta.it,Non-binary,Suite 80
8888090968,Stephi,Avramovsky,savramovskyc6@blogspot.com,Female,PO Box 11132
8888090969,Pansie,Hamley,phamleyc7@chicagotribune.com,Female,Suite 90
8888090970,Rey,Ullyatt,rullyattc8@mayoclinic.com,Female,Suite 30
8888090971,Caprice,Russon,crussonc9@telegraph.co.uk,Female,PO Box 9033
8888090972,Rickie,Pretsell,rpretsellca@dedecms.com,Male,Apt 107
8888090973,Dewey,Calles,dcallescb@google.com.br,Male,Apt 1853
8888090974,Hilario,Rissom,hrissomcc@sourceforge.net,Male,PO Box 42660
8888090975,Charlotte,Simeoli,csimeolicd@army.mil,Female,6th Floor
8888090976,Ken,Carman,kcarmance@cnbc.com,Male,Apt 338
8888090977,Marmaduke,Keston,mkestoncf@berkeley.edu,Non-binary,Apt 1843
8888090978,Darsie,Sweetland,dsweetlandcg@biblegateway.com,Female,Apt 833
8888090979,Anny,Burd,aburdch@utexas.edu,Female,Room 46
8888090980,Sibylle,Elderkin,selderkinci@tumblr.com,Female,Room 504
8888090981,Lisette,Pinkard,lpinkardcj@narod.ru,Female,Room 947
8888090982,Mitchel,Kull,mkullck@de.vu,Male,Suite 89
8888090983,Gratiana,Elliman,gellimancl@virginia.edu,Female,Room 892
8888090984,Angelle,Sponton,aspontoncm@xing.com,Female,Apt 369
8888090985,Wallis,Earp,wearpcn@google.de,Male,Apt 622
8888090986,Byrom,Ferrettino,bferrettinoco@psu.edu,Male,2nd Floor
8888090987,Cheri,Frackiewicz,cfrackiewiczcp@dyndns.org,Female,Apt 1352
8888090988,Derron,Buttel,dbuttelcq@sbwire.com,Male,Apt 981
8888090989,Ransell,MacArthur,rmacarthurcr@edublogs.org,Male,Apt 659
8888090990,Aline,Sykes,asykescs@dot.gov,Female,Room 1103
8888090991,Dukie,Mees,dmeesct@slate.com,Male,Room 1545
8888090992,Lucille,Lorentz,llorentzcu@amazon.com,Female,Room 479
8888090993,Beale,Edger,bedgercv@behance.net,Male,Suite 42
8888090994,Meara,Cheevers,mcheeverscw@nydailynews.com,Bigender,Apt 1014
8888090995,Clevey,Durnford,cdurnfordcx@nbcnews.com,Male,Apt 1238
8888090996,Ransell,Sommerscales,rsommerscalescy@cafepress.com,Male,10th Floor
8888090997,Caterina,Molyneaux,cmolyneauxcz@51.la,Female,PO Box 70207
8888090998,Jeniffer,Perone,jperoned0@google.com.au,Female,Room 322
8888090999,Lewie,Ledur,lledurd1@seesaa.net,Male,PO Box 34608
8888091000,Dora,Snawdon,dsnawdond2@opensource.org,Female,Room 751
8888091001,Thomasa,Duxbarry,tduxbarryd3@artisteer.com,Female,Apt 1980
8888091002,Tom,Balaisot,tbalaisotd4@upenn.edu,Genderqueer,Suite 97
8888091003,Waldemar,Goligly,wgoliglyd5@sun.com,Male,Suite 33
8888091004,Berti,Scopyn,bscopynd6@seesaa.net,Male,Suite 5
8888091005,Kent,Kemble,kkembled7@multiply.com,Male,Room 1704
8888091006,Elias,Satford,esatfordd8@cam.ac.uk,Male,Apt 579
8888091007,Saunders,Colloby,scollobyd9@lulu.com,Male,PO Box 51660
8888091008,Eward,Hugonin,ehugoninda@home.pl,Male,Suite 88
8888091009,Cobb,Coye,ccoyedb@blogger.com,Male,Apt 659
8888091010,Marisa,Raylton,mrayltondc@desdev.cn,Female,Apt 972
8888091011,Guido,Hallgarth,ghallgarthdd@pinterest.com,Male,PO Box 61391
8888091012,Polly,Mottershead,pmottersheadde@guardian.co.uk,Female,PO Box 88925
8888091013,Gustavo,Gaynes,ggaynesdf@china.com.cn,Male,PO Box 26494
8888091014,Reinaldo,Petracchi,rpetracchidg@sfgate.com,Male,Apt 1970
8888091015,Wallache,McLinden,wmclindendh@technorati.com,Male,Room 1699
8888091016,Monica,Ockendon,mockendondi@ustream.tv,Female,Room 505
8888091017,Tisha,Kirsche,tkirschedj@thetimes.co.uk,Female,PO Box 25973
8888091018,Priscilla,Trevett,ptrevettdk@mail.ru,Female,Room 567
8888091019,Neila,Scargill,nscargilldl@seattletimes.com,Female,9th Floor
8888091020,Pennie,Sacker,psackerdm@live.com,Male,Suite 89
8888091021,Jocelin,Osmond,josmonddn@europa.eu,Female,Apt 58
8888091022,Nani,Naldrett,nnaldrettdo@nature.com,Female,Apt 1769
8888091023,Northrup,Quail,nquaildp@gmpg.org,Male,Room 585
8888091024,Isaiah,Brumbie,ibrumbiedq@hostgator.com,Male,Suite 91
8888091025,Culver,Pollastrino,cpollastrinodr@google.it,Male,10th Floor
8888091026,Libbi,Spratt,lsprattds@ask.com,Female,PO Box 4304
8888091027,Valentine,Vitet,vvitetdt@cnet.com,Female,Apt 558
8888091028,Gage,Dominelli,gdominellidu@unicef.org,Male,PO Box 44794
8888091029,Ashlie,Faldoe,afaldoedv@thetimes.co.uk,Female,Suite 41
8888091030,Delia,Cody,dcodydw@livejournal.com,Female,Suite 80
8888091031,Amabel,Hanmore,ahanmoredx@mozilla.com,Female,Apt 968
8888091032,Esteban,Garshore,egarshoredy@netvibes.com,Male,Room 1785
8888091033,Noreen,Clemett,nclemettdz@php.net,Female,Suite 79
8888091034,Saba,Fydo,sfydoe0@bloglines.com,Female,Suite 81
8888091035,Sherwood,Dysart,sdysarte1@networkadvertising.org,Male,Room 888
8888091036,Stephannie,Lacroutz,slacroutze2@walmart.com,Female,PO Box 76708
8888091037,Pebrook,Rizzi,prizzie3@flavors.me,Male,Room 1893
8888091038,Lucian,Balducci,lbalduccie4@thetimes.co.uk,Male,Apt 1169
8888091039,Marcelo,Scholes,mscholese5@pen.io,Male,PO Box 54727
8888091040,Theodosia,Danelutti,tdaneluttie6@storify.com,Female,Suite 45
8888091041,Dierdre,Mulqueeny,dmulqueenye7@networksolutions.com,Female,Apt 136
8888091042,Alison,Scannell,ascannelle8@fda.gov,Female,2nd Floor
8888091043,Kailey,Andreasen,kandreasene9@marriott.com,Female,Suite 47
8888091044,Janeczka,Riepel,jriepelea@bizjournals.com,Female,Suite 32
8888091045,Gray,Koppel,gkoppeleb@cam.ac.uk,Male,Suite 9
8888091046,Valerie,Collop,vcollopec@51.la,Female,Suite 70
8888091047,Geoffrey,Manzell,gmanzelled@last.fm,Male,Room 1414
8888091048,Manda,Taudevin,mtaudevinee@newyorker.com,Female,Room 1171
8888091049,Zsazsa,Wenden,zwendenef@nytimes.com,Female,Apt 1647
8888091050,Judith,Brookes,jbrookeseg@naver.com,Female,PO Box 949
8888091051,Willy,Gymlett,wgymletteh@bloglines.com,Genderqueer,Suite 56
8888091052,Doug,Monard,dmonardei@comsenz.com,Non-binary,Room 958
8888091053,Mariam,Penhale,mpenhaleej@4shared.com,Female,PO Box 71798
8888091054,Solomon,Dyke,sdykeek@dion.ne.jp,Male,Room 1972
8888091055,Arluene,Quantrell,aquantrellel@irs.gov,Female,6th Floor
8888091056,Silvano,Mulleary,smullearyem@addthis.com,Male,Suite 56
8888091057,Dorthea,Fomichyov,dfomichyoven@ihg.com,Female,Apt 9
8888091058,Duffie,Sollner,dsollnereo@livejournal.com,Genderqueer,Suite 66
8888091059,Maddy,Sear,msearep@topsy.com,Non-binary,9th Floor
8888091060,Dexter,Brydon,dbrydoneq@gnu.org,Male,12th Floor
8888091061,Doy,Whitmell,dwhitmeller@uol.com.br,Male,Suite 83
8888091062,Brody,Gouda,bgoudaes@globo.com,Male,Suite 78
8888091063,Sigismondo,Theobald,stheobaldet@baidu.com,Male,PO Box 34460
8888091064,Homer,Van der Brug,hvanderbrugeu@europa.eu,Male,Apt 719
8888091065,Paddy,Trappe,ptrappeev@aol.com,Male,Suite 1
8888091066,Gena,Rylands,grylandsew@amazon.com,Female,Suite 10
8888091067,Melisandra,Gaven,mgavenex@fema.gov,Female,Suite 10
8888091068,Katya,Roseveare,kroseveareey@pen.io,Non-binary,13th Floor
8888091069,Jaye,Cote,jcoteez@blinklist.com,Male,PO Box 36343
8888091070,Marty,Klauer,mklauerf0@arizona.edu,Male,Suite 5
8888091071,Anallese,Dubber,adubberf1@newyorker.com,Female,Apt 1101
8888091072,Paulie,Laven,plavenf2@tamu.edu,Female,2nd Floor
8888091073,Ransom,Densumbe,rdensumbef3@theguardian.com,Bigender,5th Floor
8888091074,Evita,Gawn,egawnf4@ihg.com,Female,Room 1855
8888091075,Brianna,Lymer,blymerf5@biblegateway.com,Female,16th Floor
8888091076,Jo ann,Drayn,jdraynf6@time.com,Female,Apt 1203
8888091077,Gardiner,Wohler,gwohlerf7@pinterest.com,Male,Suite 75
8888091078,Sadella,Becke,sbeckef8@home.pl,Female,13th Floor
8888091079,Mela,Nuemann,mnuemannf9@umich.edu,Genderfluid,Suite 70
8888091080,Georg,Keigher,gkeigherfa@free.fr,Male,Apt 1752
8888091081,Bonni,Mapston,bmapstonfb@hud.gov,Female,Apt 1255
8888091082,Bobina,Maddicks,bmaddicksfc@tinyurl.com,Female,Room 168
8888091083,Pearce,Brockley,pbrockleyfd@illinois.edu,Male,13th Floor
8888091084,Jefferson,Krysztofiak,jkrysztofiakfe@pinterest.com,Male,Room 1161
8888091085,Clarke,Brabbs,cbrabbsff@yandex.ru,Male,13th Floor
8888091086,Westleigh,Venney,wvenneyfg@g.co,Male,Apt 202
8888091087,Amos,Giffen,agiffenfh@joomla.org,Male,Apt 1887
8888091088,Vernor,Mcwhinney,vmcwhinneyfi@nytimes.com,Male,PO Box 16190
8888091089,Eal,Wallworke,ewallworkefj@oracle.com,Non-binary,PO Box 81503
8888091090,Vanya,Stappard,vstappardfk@ft.com,Male,Suite 12
8888091091,Corine,Conry,cconryfl@wsj.com,Female,12th Floor
8888091092,Torry,Summerskill,tsummerskillfm@e-recht24.de,Male,11th Floor
8888091093,Janot,Roberds,jroberdsfn@patch.com,Female,5th Floor
8888091094,Diahann,Mompesson,dmompessonfo@unicef.org,Female,PO Box 94071
8888091095,Rutherford,Lamasna,rlamasnafp@elegantthemes.com,Male,Apt 279
8888091096,Erena,Guiu,eguiufq@cornell.edu,Female,Suite 47
8888091097,Harli,Macourek,hmacourekfr@umn.edu,Female,Suite 79
8888091098,Emelia,Chalke,echalkefs@wp.com,Female,PO Box 88567
8888091099,Terrence,MacGebenay,tmacgebenayft@miitbeian.gov.cn,Male,Apt 428
8888091100,Ronalda,Edleston,redlestonfu@admin.ch,Female,Apt 717
8888091101,Mirilla,Salzen,msalzenfv@163.com,Female,PO Box 25124
8888091102,Perren,Obern,pobernfw@prlog.org,Male,Room 1859
8888091103,Nikolas,Houston,nhoustonfx@amazon.co.uk,Male,Apt 450
8888091104,Leonanie,Corr,lcorrfy@usgs.gov,Female,Apt 1926
8888091105,Alphonse,Prestie,aprestiefz@hugedomains.com,Bigender,Room 1500
8888091106,Reuven,Greenall,rgreenallg0@discovery.com,Male,PO Box 75279
8888091107,Kirby,Janus,kjanusg1@theglobeandmail.com,Male,Apt 1787
8888091108,Elmore,Hing,ehingg2@google.de,Male,19th Floor
8888091109,Linell,Martello,lmartellog3@google.de,Female,Room 472
8888091110,Whitney,Colbertson,wcolbertsong4@sciencedaily.com,Bigender,Suite 5
8888091111,Katerine,Trownson,ktrownsong5@statcounter.com,Female,Suite 28
8888091112,Hortense,Skirven,hskirveng6@jalbum.net,Non-binary,Room 1835
8888091113,Phillis,Faccini,pfaccinig7@disqus.com,Female,Room 34
8888091114,Rhoda,Barbier,rbarbierg8@instagram.com,Female,Suite 47
8888091115,Curtis,Harsnipe,charsnipeg9@ocn.ne.jp,Male,Room 1885
8888091116,Broddy,Zannuto,bzannutoga@nba.com,Male,Room 1015
8888091117,Rutter,Bushill,rbushillgb@hibu.com,Male,Apt 895
8888091118,Joseito,Adie,jadiegc@prnewswire.com,Male,Suite 85
8888091119,Terrell,Hearley,thearleygd@washingtonpost.com,Male,Suite 58
8888091120,Arther,Borwick,aborwickge@devhub.com,Male,Apt 714
8888091121,Gayla,Laslett,glaslettgf@bloglovin.com,Female,Room 455
8888091122,Manolo,Raspin,mraspingg@t-online.de,Male,PO Box 51866
8888091123,Margi,Grote,mgrotegh@newsvine.com,Female,Room 1856
8888091124,Rosene,Hallen,rhallengi@boston.com,Female,20th Floor
8888091125,Kissee,Schwant,kschwantgj@ucoz.ru,Female,3rd Floor
8888091126,Hillel,Cowles,hcowlesgk@ebay.co.uk,Male,PO Box 75786
8888091127,Carce,Henstridge,chenstridgegl@wired.com,Male,Apt 1589
8888091128,Raphael,Antoniewski,rantoniewskigm@cdbaby.com,Male,Apt 494
8888091129,Dar,Larder,dlardergn@cocolog-nifty.com,Male,Apt 938
8888091130,Gaultiero,Shapera,gshaperago@ycombinator.com,Male,Apt 1179
8888091131,Alexine,Totman,atotmangp@blogger.com,Female,Suite 63
8888091132,Cazzie,Muirden,cmuirdengq@psu.edu,Male,Suite 79
8888091133,Brunhilda,Morhall,bmorhallgr@nhs.uk,Female,9th Floor
8888091134,Francisco,Keasley,fkeasleygs@yelp.com,Male,PO Box 24190
8888091135,Korella,Lafferty,klaffertygt@1und1.de,Female,Apt 213
8888091136,Dario,Spanton,dspantongu@weebly.com,Male,PO Box 69243
8888091137,Malachi,Mowsdale,mmowsdalegv@earthlink.net,Male,17th Floor
8888091138,Sascha,Witchard,switchardgw@gmpg.org,Male,Room 111
8888091139,Correy,Longden,clongdengx@sun.com,Female,Suite 16
8888091140,Cati,Leason,cleasongy@army.mil,Female,Room 452
8888091141,Powell,McNeachtain,pmcneachtaingz@seesaa.net,Male,PO Box 83185
8888091142,Paige,Spivey,pspiveyh0@zdnet.com,Male,Suite 81
8888091143,Shelba,Pateman,spatemanh1@jimdo.com,Genderqueer,Apt 1393
8888091144,Shem,Tankard,stankardh2@sitemeter.com,Male,5th Floor
8888091145,Talbert,Reolfo,treolfoh3@tmall.com,Male,13th Floor
8888091146,Baxie,Ogilvie,bogilvieh4@sohu.com,Genderfluid,Apt 398
8888091147,Blake,Blandford,bblandfordh5@mayoclinic.com,Female,Apt 1738
8888091148,Desmond,McBean,dmcbeanh6@is.gd,Male,Room 1658
8888091149,Mercy,Leatt,mleatth7@columbia.edu,Female,Apt 783
8888091150,Rochette,Matches,rmatchesh8@ebay.co.uk,Female,Suite 29
8888091151,Carmine,Cattle,ccattleh9@php.net,Female,Apt 336
8888091152,Giselle,Pevreal,gpevrealha@about.me,Female,Apt 46
8888091153,Maren,Breewood,mbreewoodhb@gizmodo.com,Female,PO Box 44624
8888091154,Rog,Mourant,rmouranthc@bandcamp.com,Male,Suite 6
8888091155,Annette,Goosnell,agoosnellhd@digg.com,Female,1st Floor
8888091156,Joelly,Gouny,jgounyhe@nsw.gov.au,Female,Suite 48
8888091157,Peria,Salt,psalthf@rambler.ru,Female,Suite 21
8888091158,Alexa,Walcar,awalcarhg@joomla.org,Female,6th Floor
8888091159,Doralin,Folker,dfolkerhh@abc.net.au,Genderfluid,Suite 19
8888091160,Teirtza,Smurfit,tsmurfithi@nih.gov,Female,Room 1539
8888091161,Austin,Sangwin,asangwinhj@wisc.edu,Non-binary,Room 1993
8888091162,Marys,Grazier,mgrazierhk@blogger.com,Female,17th Floor
8888091163,Kingston,Spoure,kspourehl@cnn.com,Male,Room 788
8888091164,Earvin,Jacobowitz,ejacobowitzhm@e-recht24.de,Male,Apt 1776
8888091165,Burlie,Ready,breadyhn@simplemachines.org,Male,PO Box 28606
8888091166,Phip,Dunbabin,pdunbabinho@cdbaby.com,Genderqueer,PO Box 39928
8888091167,Jody,Hunnam,jhunnamhp@smh.com.au,Male,9th Floor
8888091168,Ransell,Ronnay,rronnayhq@home.pl,Male,Room 420
8888091169,Vinita,Cuningham,vcuninghamhr@goo.gl,Female,Apt 1709
8888091170,Noni,Nelius,nneliushs@japanpost.jp,Female,8th Floor
8888091171,Reeba,Pitman,rpitmanht@constantcontact.com,Bigender,Suite 11
8888091172,Bill,Swanwick,bswanwickhu@about.com,Male,PO Box 99485
8888091173,Forester,Deverall,fdeverallhv@intel.com,Male,Apt 915
8888091174,Bernard,Seppey,bseppeyhw@eventbrite.com,Male,15th Floor
8888091175,Cynde,Craven,ccravenhx@yellowbook.com,Female,Room 797
8888091176,Judi,Spensly,jspenslyhy@technorati.com,Female,Apt 811
8888091177,Tarrance,Crittal,tcrittalhz@scientificamerican.com,Male,Apt 943
8888091178,Barbara-anne,Jinkinson,bjinkinsoni0@woothemes.com,Female,Suite 70
8888091179,Keelia,McCrystal,kmccrystali1@blogspot.com,Female,Apt 1375
8888091180,Clarence,Lovart,clovarti2@studiopress.com,Male,PO Box 28509
8888091181,Kessia,Spall,kspalli3@privacy.gov.au,Female,Apt 396
8888091182,Nikolas,Grinval,ngrinvali4@bluehost.com,Male,Suite 69
8888091183,Otis,Dampier,odampieri5@sitemeter.com,Male,Suite 17
8888091184,Carlina,Dunnett,cdunnetti6@bandcamp.com,Female,4th Floor
8888091185,Vidovik,Bennis,vbennisi7@cnbc.com,Male,Apt 1835
8888091186,Gwendolin,Heaney,gheaneyi8@miibeian.gov.cn,Female,Suite 26
8888091187,Boyce,Cutbirth,bcutbirthi9@com.com,Male,Room 1961
8888091188,Jaclyn,Chavrin,jchavrinia@wunderground.com,Female,Suite 20
8888091189,Inge,Millery,imilleryib@uiuc.edu,Bigender,Apt 1258
8888091190,Farr,End,fendic@businessweek.com,Male,Suite 93
8888091191,Tally,Dufaire,tdufaireid@cisco.com,Male,Room 17
8888091192,Jolene,Ormesher,jormesherie@1688.com,Female,PO Box 23049
8888091193,Amandi,Lester,alesterif@goo.gl,Female,Room 1480
8888091194,Alis,Haslock,ahaslockig@dot.gov,Female,Apt 598
8888091195,Donnell,Licciardiello,dlicciardielloih@lycos.com,Genderqueer,PO Box 45842
8888091196,Brice,Clawson,bclawsonii@economist.com,Male,Suite 17
8888091197,Ansel,Kliemke,akliemkeij@theatlantic.com,Male,PO Box 28870
8888091198,Grethel,Neilus,gneilusik@opera.com,Female,PO Box 15601
8888091199,Ervin,Sawnwy,esawnwyil@scribd.com,Genderfluid,Room 107
8888091200,Reeva,Hedman,rhedmanim@reverbnation.com,Female,4th Floor
8888091201,Marylin,Whistance,mwhistancein@networkadvertising.org,Female,Room 726
8888091202,Theodosia,Monteaux,tmonteauxio@wikispaces.com,Female,Suite 90
8888091203,Patty,Semour,psemourip@addtoany.com,Non-binary,Suite 97
8888091204,Cheri,Tuftin,ctuftiniq@github.io,Female,Room 1116
8888091205,Selie,Repper,srepperir@trellian.com,Female,PO Box 40411
8888091206,Guntar,Hinsche,ghinscheis@zdnet.com,Male,Apt 369
8888091207,Moll,Cleveley,mcleveleyit@latimes.com,Female,Suite 28
8888091208,Sonja,O'Dempsey,sodempseyiu@buzzfeed.com,Female,Suite 88
8888091209,Emlyn,Rollinshaw,erollinshawiv@who.int,Male,Suite 23
8888091210,Florida,Scripps,fscrippsiw@ucsd.edu,Female,18th Floor
8888091211,Mannie,Northrop,mnorthropix@wikia.com,Genderqueer,Room 382
8888091212,Coleen,Plumridge,cplumridgeiy@google.ca,Female,Apt 744
8888091213,Rozina,Strasse,rstrasseiz@google.com.hk,Female,Suite 98
8888091214,Michell,Schulz,mschulzj0@google.fr,Female,Apt 1269
8888091215,Honoria,Schechter,hschechterj1@flickr.com,Female,Apt 1386
8888091216,Gustave,Wynrahame,gwynrahamej2@cnbc.com,Male,PO Box 10353
8888091217,Zolly,Grissett,zgrissettj3@biglobe.ne.jp,Male,Room 1789
8888091218,Gordan,Luxen,gluxenj4@tinyurl.com,Male,Suite 38
8888091219,Simone,Munks,smunksj5@wikispaces.com,Male,PO Box 4778
8888091220,Sybille,Shiel,sshielj6@cloudflare.com,Female,Apt 98
8888091221,Pavel,Gorelli,pgorellij7@umn.edu,Male,Suite 52
8888091222,Pepita,Sandwith,psandwithj8@angelfire.com,Female,Suite 52
8888091223,Christalle,Greggs,cgreggsj9@yandex.ru,Female,PO Box 20208
8888091224,Aldridge,Brognot,abrognotja@gmpg.org,Male,Suite 8
8888091225,Jacinthe,Thorsby,jthorsbyjb@infoseek.co.jp,Polygender,PO Box 25367
8888091226,Mallory,Cosin,mcosinjc@istockphoto.com,Genderqueer,Apt 951
8888091227,Kelly,Taffie,ktaffiejd@theglobeandmail.com,Male,PO Box 80336
8888091228,Lamar,Bowater,lbowaterje@shinystat.com,Male,10th Floor
8888091229,Grier,Vinten,gvintenjf@nature.com,Genderfluid,10th Floor
8888091230,Reena,Chapelle,rchapellejg@theatlantic.com,Female,Suite 47
8888091231,Godfree,Thredder,gthredderjh@columbia.edu,Male,Room 1793
8888091232,Ari,Brommage,abrommageji@google.co.uk,Male,Room 1301
8888091233,Deeanne,O'Bradain,dobradainjj@goodreads.com,Female,PO Box 80548
8888091234,Roseann,Folli,rfollijk@ow.ly,Female,PO Box 30862
8888091235,Rosette,Wellard,rwellardjl@dyndns.org,Female,Apt 809
8888091236,Bat,Bowser,bbowserjm@techcrunch.com,Male,Suite 95
8888091237,Andre,Hatrick,ahatrickjn@gmpg.org,Male,Suite 88
8888091238,Derrek,Field,dfieldjo@soup.io,Genderfluid,Apt 496
8888091239,Thorvald,Kirsch,tkirschjp@bing.com,Male,Suite 6
8888091240,Sal,Jonathon,sjonathonjq@harvard.edu,Male,Apt 1219
8888091241,Normie,Mosco,nmoscojr@deviantart.com,Male,8th Floor
8888091242,Rollie,Abramson,rabramsonjs@redcross.org,Male,PO Box 73368
8888091243,Hamlin,Philcott,hphilcottjt@digg.com,Male,16th Floor
8888091244,Opaline,Aisman,oaismanju@yahoo.co.jp,Female,Room 1308
8888091245,Nancey,Constance,nconstancejv@themeforest.net,Female,PO Box 34972
8888091246,Meier,Harley,mharleyjw@time.com,Male,Room 314
8888091247,Temple,Ferentz,tferentzjx@unblog.fr,Male,Apt 1192
8888091248,Emmit,Oliver-Paull,eoliverpaulljy@youtube.com,Male,6th Floor
8888091249,Pippa,Mousley,pmousleyjz@wufoo.com,Female,Suite 7
8888091250,Bev,Sante,bsantek0@dailymotion.com,Female,Apt 1739
8888091251,Coraline,Wrigley,cwrigleyk1@skype.com,Female,PO Box 53797
8888091252,Norman,Spinney,nspinneyk2@google.fr,Male,7th Floor
8888091253,Eleanor,Courtes,ecourtesk3@acquirethisname.com,Female,Apt 1884
8888091254,Britni,Callaway,bcallawayk4@cbsnews.com,Female,Apt 391
8888091255,Clarine,Ferreras,cferrerask5@purevolume.com,Female,Room 1905
8888091256,Luciano,McElroy,lmcelroyk6@vk.com,Male,Suite 15
8888091257,Gardner,Moakson,gmoaksonk7@moonfruit.com,Male,Room 2
8888091258,Maure,Saul,msaulk8@shinystat.com,Female,11th Floor
8888091259,Ali,Coutthart,acoutthartk9@ehow.com,Female,Suite 75
8888091260,Kenny,Sowthcote,ksowthcoteka@ebay.com,Genderqueer,Room 118
8888091261,Riva,Clampe,rclampekb@npr.org,Female,Apt 1977
8888091262,Velvet,Amer,vamerkc@nymag.com,Agender,PO Box 21682
8888091263,Rozamond,Farrants,rfarrantskd@merriam-webster.com,Female,Apt 377
8888091264,Romain,Castellet,rcastelletke@pbs.org,Male,Suite 83
8888091265,Sheffie,Targett,stargettkf@sciencedaily.com,Male,Apt 298
8888091266,Orelee,Witter,owitterkg@domainmarket.com,Female,Room 955
8888091267,Aguste,Dietsche,adietschekh@java.com,Male,PO Box 9395
8888091268,Stepha,Ebbings,sebbingski@sogou.com,Female,Room 223
8888091269,Charissa,Manby,cmanbykj@sphinn.com,Female,PO Box 77597
8888091270,Robin,Dhennin,rdhenninkk@aol.com,Male,Suite 78
8888091271,Armstrong,Gallimore,agallimorekl@webs.com,Male,Room 421
8888091272,Sher,Dowrey,sdowreykm@alexa.com,Female,PO Box 1179
8888091273,Gwenny,Lapree,glapreekn@dyndns.org,Genderfluid,PO Box 75195
8888091274,Kati,Cartledge,kcartledgeko@rambler.ru,Female,Suite 99
8888091275,Adara,Clutheram,aclutheramkp@goodreads.com,Female,Suite 22
8888091276,Gaylord,Petricek,gpetricekkq@fc2.com,Male,PO Box 65753
8888091277,Filbert,Antonchik,fantonchikkr@abc.net.au,Male,Room 567
8888091278,Dorelle,Lennox,dlennoxks@blinklist.com,Genderfluid,Apt 1409
8888091279,Albert,Smitheram,asmitheramkt@dagondesign.com,Male,PO Box 61750
8888091280,Robbie,Noke,rnokeku@vimeo.com,Male,Apt 1071
8888091281,Nicola,Daingerfield,ndaingerfieldkv@ucla.edu,Male,Suite 18
8888091282,Wendall,Costan,wcostankw@ycombinator.com,Male,Suite 63
8888091283,Ali,Aynold,aaynoldkx@home.pl,Male,Suite 14
8888091284,Richmond,Oiseau,roiseauky@qq.com,Male,PO Box 98741
8888091285,Dominick,Brogden,dbrogdenkz@europa.eu,Male,PO Box 68069
8888091286,Wallace,Pepperrall,wpepperralll0@t-online.de,Male,PO Box 18785
8888091287,Vina,Saladine,vsaladinel1@wikispaces.com,Female,PO Box 57581
8888091288,Brad,Tessier,btessierl2@mlb.com,Genderqueer,Room 1813
8888091289,Cobb,Shearstone,cshearstonel3@hubpages.com,Male,Suite 32
8888091290,Susette,Smoth,ssmothl4@unc.edu,Female,9th Floor
8888091291,Avrom,McFie,amcfiel5@xrea.com,Polygender,17th Floor
8888091292,Frankie,Carlet,fcarletl6@bravesites.com,Male,Apt 1572
8888091293,Alan,Geeritz,ageeritzl7@unc.edu,Male,Suite 3
8888091294,Leann,Di Giorgio,ldigiorgiol8@reference.com,Female,Room 354
8888091295,Beatrix,Skein,bskeinl9@bloglines.com,Female,Suite 38
8888091296,Mechelle,Itzkovich,mitzkovichla@hc360.com,Female,Apt 654
8888091297,Virgil,Ganforth,vganforthlb@slashdot.org,Male,Suite 83
8888091298,Emiline,Jeduch,ejeduchlc@nba.com,Female,Apt 1695
8888091299,Josi,Priddey,jpriddeyld@elpais.com,Female,Suite 79
8888091300,Mathilde,Darell,mdarellle@elegantthemes.com,Non-binary,Suite 79
8888091301,Rriocard,Morefield,rmorefieldlf@pagesperso-orange.fr,Male,Apt 1025
8888091302,Cindelyn,Bloxham,cbloxhamlg@taobao.com,Genderfluid,Suite 5
8888091303,Thadeus,Merit,tmeritlh@google.nl,Male,Apt 521
8888091304,Tabby,Jaskowicz,tjaskowiczli@eepurl.com,Male,Suite 53
8888091305,Paloma,Geall,pgealllj@slashdot.org,Female,19th Floor
8888091306,Dallas,Isaacs,disaacslk@sitemeter.com,Female,Room 1305
8888091307,Sebastian,Pilsworth,spilsworthll@craigslist.org,Male,Room 109
8888091308,Zandra,Masarrat,zmasarratlm@zdnet.com,Female,Suite 16
8888091309,Ellette,Cund,ecundln@uiuc.edu,Female,Room 1484
8888091310,Alexandrina,Baythorp,abaythorplo@topsy.com,Female,PO Box 99354
8888091311,Maryann,Hamel,mhamellp@irs.gov,Female,Room 1549
8888091312,Tristan,Etheridge,tetheridgelq@bbc.co.uk,Male,Suite 85
8888091313,Kylen,McGuckin,kmcguckinlr@tripadvisor.com,Female,Suite 37
8888091314,Callean,Duiged,cduigedls@51.la,Male,Suite 75
8888091315,Jeralee,McCambrois,jmccambroislt@ustream.tv,Female,PO Box 62552
8888091316,Cordy,Furtado,cfurtadolu@epa.gov,Female,PO Box 10287
8888091317,Carmine,Iacomini,ciacominilv@imgur.com,Bigender,Suite 32
8888091318,Culver,Carabine,ccarabinelw@java.com,Male,Room 831
8888091319,Diane,Tytler,dtytlerlx@furl.net,Female,Room 1036
8888091320,Theodosia,Gregorowicz,tgregorowiczly@deliciousdays.com,Female,Suite 69
8888091321,Simonne,Giriardelli,sgiriardellilz@bbc.co.uk,Female,Suite 25
8888091322,Viva,Swettenham,vswettenhamm0@fema.gov,Female,Suite 38
8888091323,Malorie,Murdoch,mmurdochm1@hao123.com,Female,10th Floor
8888091324,Nanon,Cheak,ncheakm2@histats.com,Female,Apt 970
8888091325,Walliw,Overnell,wovernellm3@cnet.com,Female,Apt 696
8888091326,Jodie,Hencke,jhenckem4@typepad.com,Female,Apt 786
8888091327,Albert,Gowthorpe,agowthorpem5@loc.gov,Male,18th Floor
8888091328,Irwin,Antognozzii,iantognozziim6@joomla.org,Male,Suite 78
8888091329,Pauly,Poller,ppollerm7@nyu.edu,Female,7th Floor
8888091330,Ettore,Osband,eosbandm8@state.gov,Male,PO Box 11424
8888091331,Stanleigh,Dudney,sdudneym9@wikimedia.org,Genderfluid,Apt 459
8888091332,Paddy,Backhouse,pbackhousema@time.com,Male,Suite 70
8888091333,Jami,Silveston,jsilvestonmb@icio.us,Female,Apt 692
8888091334,Judah,Parr,jparrmc@fema.gov,Male,Apt 787
8888091335,Sella,Phelipeaux,sphelipeauxmd@hud.gov,Female,14th Floor
8888091336,Kristoffer,Westmacott,kwestmacottme@marketwatch.com,Male,PO Box 58125
8888091337,Costa,Cooke,ccookemf@netlog.com,Male,Room 1991
8888091338,Fulton,Beeble,fbeeblemg@exblog.jp,Male,Room 838
8888091339,Eydie,Bouch,ebouchmh@tumblr.com,Female,Suite 18
8888091340,Anette,Cammock,acammockmi@deviantart.com,Female,Room 1994
8888091341,Dana,Treves,dtrevesmj@discuz.net,Male,PO Box 17559
8888091342,Hewe,Tremlett,htremlettmk@usda.gov,Male,Room 518
8888091343,Yancy,Maben,ymabenml@dedecms.com,Agender,Room 1132
8888091344,Betteann,Tapper,btappermm@homestead.com,Female,Apt 1650
8888091345,Erv,Litton,elittonmn@tamu.edu,Male,Room 839
8888091346,Freddie,McGillacoell,fmcgillacoellmo@google.fr,Genderfluid,Suite 51
8888091347,Bryana,Pickwell,bpickwellmp@cornell.edu,Female,Suite 84
8888091348,Amaleta,McGebenay,amcgebenaymq@ucoz.ru,Non-binary,Room 1640
8888091349,Sarge,Silversmidt,ssilversmidtmr@goo.ne.jp,Male,Room 886
8888091350,Beverly,Boice,bboicems@usda.gov,Female,Room 1504
8888091351,Jorry,Lettice,jletticemt@apache.org,Female,PO Box 70548
8888091352,Oran,Hancke,ohanckemu@unc.edu,Male,Suite 13
8888091353,Camilla,Carlsson,ccarlssonmv@smh.com.au,Genderfluid,Suite 8
8888091354,Kissiah,Grigor,kgrigormw@shinystat.com,Female,Suite 38
8888091355,Siusan,Brimilcombe,sbrimilcombemx@google.com,Female,Suite 53
8888091356,Flemming,McClymont,fmcclymontmy@utexas.edu,Male,Apt 980
8888091357,Melitta,Geldeard,mgeldeardmz@weebly.com,Female,Suite 14
8888091358,Chaunce,Sisnett,csisnettn0@merriam-webster.com,Male,19th Floor
8888091359,Ingeberg,Reese,ireesen1@zimbio.com,Female,Suite 73
8888091360,Tallie,Stiger,tstigern2@gizmodo.com,Female,Apt 1462
8888091361,Byrom,Ferrari,bferrarin3@nydailynews.com,Male,7th Floor
8888091362,Andris,Perritt,aperrittn4@discuz.net,Male,Apt 1347
8888091363,Merralee,Kalvin,mkalvinn5@canalblog.com,Female,3rd Floor
8888091364,Alisa,Bandey,abandeyn6@purevolume.com,Female,PO Box 1950
8888091365,Theda,Kitchen,tkitchenn7@edublogs.org,Agender,Suite 42
8888091366,Mitchael,Rootes,mrootesn8@free.fr,Male,Suite 50
8888091367,Lula,Luetkemeyer,lluetkemeyern9@nsw.gov.au,Female,Suite 2
8888091368,Elvin,Angrave,eangravena@livejournal.com,Male,Suite 52
8888091369,Kelby,Josifovitz,kjosifovitznb@forbes.com,Male,Suite 85
8888091370,Kariotta,Padula,kpadulanc@state.tx.us,Female,Apt 1805
8888091371,Emmalyn,Dimsdale,edimsdalend@twitter.com,Female,PO Box 48499
8888091372,Ewen,Grindlay,egrindlayne@mapy.cz,Agender,15th Floor
8888091373,Maje,McMurty,mmcmurtynf@jugem.jp,Male,PO Box 83858
8888091374,Ned,Gorse,ngorseng@bigcartel.com,Male,Room 1694
8888091375,Vinson,Muirhead,vmuirheadnh@pcworld.com,Male,20th Floor
8888091376,Hannah,Elfleet,helfleetni@theatlantic.com,Female,Room 108
8888091377,Artemas,Housden,ahousdennj@berkeley.edu,Male,Suite 79
8888091378,Valli,Beams,vbeamsnk@geocities.jp,Female,Room 725
8888091379,Robbert,Blevin,rblevinnl@house.gov,Male,Apt 1484
8888091380,Julina,Ponceford,jponcefordnm@ebay.com,Female,PO Box 95795
8888091381,Tamar,Keyson,tkeysonnn@cbslocal.com,Non-binary,Suite 47
8888091382,Denis,Matveiko,dmatveikono@hexun.com,Male,16th Floor
8888091383,Myrtie,Koppke,mkoppkenp@nba.com,Female,Room 1764
8888091384,Hartley,Bausor,hbausornq@icq.com,Male,Apt 89
8888091385,Cherilynn,Shemmans,cshemmansnr@google.com.hk,Female,16th Floor
8888091386,Reed,Boich,rboichns@cbsnews.com,Male,Suite 84
8888091387,Read,Thorold,rthoroldnt@people.com.cn,Male,Suite 40
8888091388,Mace,Hewkin,mhewkinnu@about.me,Male,9th Floor
8888091389,Addison,Sivier,asiviernv@craigslist.org,Male,Room 865
8888091390,Junie,Issacov,jissacovnw@china.com.cn,Female,Room 579
8888091391,Enrica,Rodwell,erodwellnx@ftc.gov,Female,Room 1704
8888091392,Jania,Zanioletti,jzaniolettiny@unicef.org,Female,PO Box 85923
8888091393,Jeff,Ipplett,jipplettnz@phoca.cz,Male,PO Box 52702
8888091394,Crysta,Iacobassi,ciacobassio0@storify.com,Female,Suite 79
8888091395,Dani,Allix,dallixo1@si.edu,Male,Room 1897
8888091396,Alexandre,Westhoff,awesthoffo2@meetup.com,Male,Room 1836
8888091397,Wilbert,Folca,wfolcao3@paypal.com,Male,Room 1780
8888091398,Sheree,Kinchin,skinchino4@github.com,Female,Suite 45
8888091399,Kesley,Folini,kfolinio5@netvibes.com,Female,PO Box 47145
8888091400,Welch,Wasielewicz,wwasielewiczo6@newyorker.com,Male,14th Floor
8888091401,Alfy,Aslen,aasleno7@redcross.org,Female,PO Box 39081
8888091402,Ted,Halvosen,thalvoseno8@army.mil,Male,Apt 1107
8888091403,Lynn,Cridlon,lcridlono9@slashdot.org,Female,Apt 1473
8888091404,Kimbell,D'Alwis,kdalwisoa@huffingtonpost.com,Male,PO Box 86411
8888091405,Toma,Peak,tpeakob@mac.com,Female,Suite 12
8888091406,Enoch,Van der Brug,evanderbrugoc@google.com.hk,Male,Apt 1867
8888091407,Charita,Hallstone,challstoneod@reverbnation.com,Female,PO Box 82320
8888091408,Bing,Yurkov,byurkovoe@posterous.com,Male,PO Box 51250
8888091409,Shela,Aizlewood,saizlewoodof@upenn.edu,Female,Room 207
8888091410,Agna,Mather,amatherog@usda.gov,Female,PO Box 18218
8888091411,Palmer,Golland,pgollandoh@comcast.net,Male,16th Floor
8888091412,Ingram,Gomery,igomeryoi@scribd.com,Male,PO Box 3514
8888091413,Kaylyn,Lehrian,klehrianoj@amazon.com,Female,19th Floor
8888091414,Corney,Loades,cloadesok@cornell.edu,Male,PO Box 27961
8888091415,Sibylla,Oxenford,soxenfordol@apache.org,Female,PO Box 83297
8888091416,Boycey,Dawnay,bdawnayom@feedburner.com,Male,PO Box 43098
8888091417,Dar,Harral,dharralon@google.pl,Male,Suite 61
8888091418,Hortensia,Buret,hburetoo@globo.com,Genderfluid,Apt 1067
8888091419,Anabelle,Anmore,aanmoreop@dailymail.co.uk,Female,Room 1006
8888091420,Enos,Bourrel,ebourreloq@tumblr.com,Male,PO Box 87314
8888091421,Dorine,Bisley,dbisleyor@illinois.edu,Female,Apt 1654
8888091422,Vlad,Jancy,vjancyos@ycombinator.com,Male,Room 121
8888091423,Valeda,Benion,vbenionot@privacy.gov.au,Female,PO Box 40324
8888091424,Nona,Allonby,nallonbyou@youtube.com,Female,Suite 41
8888091425,Edgar,Bounds,eboundsov@princeton.edu,Non-binary,Suite 56
8888091426,Kizzee,Lauxmann,klauxmannow@pbs.org,Female,Room 1132
8888091427,Arvy,Juleff,ajuleffox@gmpg.org,Male,Apt 693
8888091428,Clywd,Lemin,cleminoy@weebly.com,Male,PO Box 43644
8888091429,Kerk,Davidow,kdavidowoz@weather.com,Male,Room 533
8888091430,Berton,Campa,bcampap0@reverbnation.com,Male,Room 1328
8888091431,Kathryne,Hovington,khovingtonp1@yellowpages.com,Non-binary,Apt 709
8888091432,Joanne,Koeppe,jkoeppep2@fastcompany.com,Female,Suite 77
8888091433,Audre,Devany,adevanyp3@pen.io,Bigender,PO Box 50984
8888091434,Chrissie,Baal,cbaalp4@scribd.com,Male,Room 14
8888091435,Keir,Nassie,knassiep5@furl.net,Male,Apt 560
8888091436,Selig,Paddison,spaddisonp6@cyberchimps.com,Male,Apt 85
8888091437,Deedee,Franscioni,dfranscionip7@cargocollective.com,Female,Room 1693
8888091438,Maurizia,Torvey,mtorveyp8@sfgate.com,Female,PO Box 96408
8888091439,Christophorus,Shapcott,cshapcottp9@yahoo.co.jp,Male,17th Floor
8888091440,Price,Cardew,pcardewpa@google.co.uk,Male,PO Box 75816
8888091441,Mel,Dunmuir,mdunmuirpb@storify.com,Male,Room 503
8888091442,Romeo,Cornfoot,rcornfootpc@alexa.com,Male,PO Box 23820
8888091443,Lexie,Royden,lroydenpd@homestead.com,Female,Room 1117
8888091444,Ula,Renfree,urenfreepe@statcounter.com,Female,5th Floor
8888091445,Wrennie,Creeghan,wcreeghanpf@myspace.com,Female,Suite 74
8888091446,Jerrie,Gallamore,jgallamorepg@nifty.com,Female,Apt 985
8888091447,Myca,Pettigrew,mpettigrewph@nytimes.com,Male,PO Box 27385
8888091448,Florry,Stirtle,fstirtlepi@wordpress.org,Female,Suite 32
8888091449,Andi,Gherardesci,agherardescipj@prlog.org,Female,10th Floor
8888091450,Jeddy,Jerisch,jjerischpk@fc2.com,Male,Apt 1007
8888091451,Misti,Fendley,mfendleypl@samsung.com,Female,4th Floor
8888091452,Yalonda,Copley,ycopleypm@cbslocal.com,Female,Room 1249
8888091453,Son,McMeeking,smcmeekingpn@ask.com,Non-binary,2nd Floor
8888091454,Barnabas,Bye,bbyepo@china.com.cn,Male,Room 1028
8888091455,Rozalie,Thame,rthamepp@vistaprint.com,Female,Apt 524
8888091456,Gregory,Kilfether,gkilfetherpq@tinypic.com,Male,PO Box 88693
8888091457,Dody,Fibbit,dfibbitpr@telegraph.co.uk,Female,Room 1856
8888091458,Ileana,Mcasparan,imcasparanps@typepad.com,Female,3rd Floor
8888091459,Christine,Goodlett,cgoodlettpt@quantcast.com,Female,PO Box 37414
8888091460,Benjie,Coddington,bcoddingtonpu@wsj.com,Genderfluid,Suite 42
8888091461,Sianna,Maplethorpe,smaplethorpepv@tinyurl.com,Female,8th Floor
8888091462,Bobbie,Badrock,bbadrockpw@live.com,Female,Suite 31
8888091463,Alexa,Aldwinckle,aaldwincklepx@google.es,Female,PO Box 64105
8888091464,Ulla,Grzeskowski,ugrzeskowskipy@pen.io,Female,Room 920
8888091465,Arvy,Lanigan,alaniganpz@businessweek.com,Male,PO Box 27631
8888091466,Powell,Matteoni,pmatteoniq0@about.com,Male,11th Floor
8888091467,Cordelia,Bettinson,cbettinsonq1@rakuten.co.jp,Female,Suite 75
8888091468,Lily,MacKowle,lmackowleq2@netvibes.com,Female,11th Floor
8888091469,Roger,Churching,rchurchingq3@cnn.com,Male,PO Box 78878
8888091470,Stefa,Haselgrove,shaselgroveq4@twitpic.com,Female,Suite 32
8888091471,Waite,Slocombe,wslocombeq5@wordpress.com,Male,Room 1950
8888091472,Austen,Winteringham,awinteringhamq6@mlb.com,Male,Apt 1801
8888091473,Matteo,Turnor,mturnorq7@mail.ru,Male,PO Box 92542
8888091474,Lanie,Reddy,lreddyq8@youtu.be,Male,Suite 61
8888091475,Zebulon,Advani,zadvaniq9@chron.com,Male,Suite 21
8888091476,Elga,Djuricic,edjuricicqa@addtoany.com,Female,PO Box 18346
8888091477,Martainn,Edsell,medsellqb@earthlink.net,Bigender,Apt 1822
8888091478,Arnie,Antonutti,aantonuttiqc@ycombinator.com,Male,10th Floor
8888091479,Donny,Cortese,dcorteseqd@boston.com,Genderqueer,Suite 33
8888091480,Malachi,Goucher,mgoucherqe@is.gd,Male,Room 1613
8888091481,Diannne,Birkin,dbirkinqf@google.it,Female,Suite 12
8888091482,Iorgo,Osmund,iosmundqg@wix.com,Male,PO Box 38423
8888091483,Andy,Bentzen,abentzenqh@samsung.com,Female,4th Floor
8888091484,Anthe,Ramelot,aramelotqi@sakura.ne.jp,Female,Suite 67
8888091485,Shaw,Iley,sileyqj@stumbleupon.com,Male,Room 1001
8888091486,Dud,Lalley,dlalleyqk@fda.gov,Male,Apt 1136
8888091487,Evelyn,Jesty,ejestyql@timesonline.co.uk,Agender,Apt 1596
8888091488,Ingar,Drohun,idrohunqm@mashable.com,Genderfluid,19th Floor
8888091489,Wade,Tumber,wtumberqn@rambler.ru,Male,Apt 598
8888091490,Oralee,Brunnen,obrunnenqo@dailymail.co.uk,Female,13th Floor
8888091491,Akim,Stollberg,astollbergqp@msn.com,Male,PO Box 7259
8888091492,Nealon,Bulfoot,nbulfootqq@accuweather.com,Male,Suite 63
8888091493,Knox,Bartoszek,kbartoszekqr@archive.org,Male,Apt 860
8888091494,Georgy,Depka,gdepkaqs@ocn.ne.jp,Genderqueer,PO Box 73016
8888091495,Lombard,Russe,lrusseqt@sciencedaily.com,Male,Room 905
8888091496,Scot,Lewins,slewinsqu@toplist.cz,Polygender,Apt 616
8888091497,Dominik,Poulgreen,dpoulgreenqv@xrea.com,Male,Suite 85
8888091498,Aurel,Merrigans,amerrigansqw@qq.com,Female,Room 1918
8888091499,Dulciana,McCrow,dmccrowqx@utexas.edu,Female,Apt 285
8888091500,Kayle,Pickover,kpickoverqy@macromedia.com,Female,Suite 72
8888091501,Berny,Ughini,bughiniqz@google.de,Male,Apt 852
8888091502,Evan,Hankins,ehankinsr0@google.cn,Male,Suite 59
8888091503,Flynn,Richemont,frichemontr1@eepurl.com,Genderqueer,Apt 240
8888091504,Dorena,Garrique,dgarriquer2@va.gov,Genderqueer,16th Floor
8888091505,Lorene,Vasyatkin,lvasyatkinr3@vistaprint.com,Female,Apt 1288
8888091506,Hardy,Seamer,hseamerr4@cyberchimps.com,Male,Room 1152
8888091507,Ericha,Papaminas,epapaminasr5@theglobeandmail.com,Female,Room 402
8888091508,Lethia,Bartlomieczak,lbartlomieczakr6@wikimedia.org,Female,Suite 68
8888091509,Lindsey,Risbie,lrisbier7@xinhuanet.com,Agender,Room 934
8888091510,Randie,Maides,rmaidesr8@baidu.com,Bigender,Room 47
8888091511,Lonnie,McCraw,lmccrawr9@webeden.co.uk,Male,Apt 737
8888091512,Ezmeralda,Guittet,eguittetra@nbcnews.com,Female,Apt 398
8888091513,Marylee,Uvedale,muvedalerb@comsenz.com,Female,Suite 18
8888091514,Peirce,Dodwell,pdodwellrc@springer.com,Male,6th Floor
8888091515,Alec,Sabatini,asabatinird@dropbox.com,Male,Suite 76
8888091516,Sara,Nuzzetti,snuzzettire@studiopress.com,Female,Apt 829
8888091517,Ganny,Bench,gbenchrf@deviantart.com,Male,PO Box 73799
8888091518,Sonnie,Shaw,sshawrg@dagondesign.com,Genderqueer,16th Floor
8888091519,Billie,Waldrum,bwaldrumrh@drupal.org,Male,PO Box 81854
8888091520,Selma,Kyffin,skyffinri@squarespace.com,Female,PO Box 49713
8888091521,Lauritz,Gilhooley,lgilhooleyrj@wisc.edu,Male,Room 1028
8888091522,Jermaine,Koenen,jkoenenrk@tinypic.com,Agender,PO Box 70364
8888091523,Andriette,Voelker,avoelkerrl@slashdot.org,Female,Room 80
8888091524,Francklin,Duker,fdukerrm@is.gd,Male,Room 378
8888091525,Danny,Mapp,dmapprn@google.ru,Polygender,Room 660
8888091526,Stavros,Watters,swattersro@cyberchimps.com,Male,Apt 1331
8888091527,Eugenio,Bysh,ebyshrp@g.co,Male,PO Box 93758
8888091528,Morten,Hanmore,mhanmorerq@msu.edu,Genderqueer,PO Box 29439
8888091529,Peadar,Faers,pfaersrr@archive.org,Male,Room 1433
